prod,prod,pond
ARROZ,PRODUCTO_ARROZ,0.18033
HARINA,PRODUCTO_HARINA,0.09428
CEREAL,PRODUCTO_CEREAL,0.22167
PAN,PRODUCTO_PAN,2.08381
GALLETA,PRODUCTO_GALLETA,0.42102
PRODUCTOSDEREPOSTERIA,PRODUCTO_PRODUCTOSDEREPOSTERIA,0.56276
MASASSALADASPREPARADAS,PRODUCTO_MASASSALADASPREPARADAS,0.10138
SNACK,PRODUCTO_SNACK,0.10349
PASTAS,PRODUCTO_PASTAS,0.26583
CARNEDEVACUNO,PRODUCTO_CARNEDEVACUNO,1.83118
CARNEDECERDO,PRODUCTO_CARNEDECERDO,0.45693
CARNEDEPAVO,PRODUCTO_CARNEDEPAVO,0.07385
CARNEDEPOLLO,PRODUCTO_CARNEDEPOLLO,0.91573
CECINAS,PRODUCTO_CECINAS,0.98478
HAMBURGUESA,PRODUCTO_HAMBURGUESA,0.12905
PESCADOS,PRODUCTO_PESCADOS,0.26577
MARISCOS,PRODUCTO_MARISCOS,0.08082
PESCADOSENCONSERVA,PRODUCTO_PESCADOSENCONSERVA,0.20353
MARISCOSENCONSERVA,PRODUCTO_MARISCOSENCONSERVA,0.0223
LECHEENPOLVO,PRODUCTO_LECHEENPOLVO,0.18644
LECHELIQUIDA,PRODUCTO_LECHELIQUIDA,0.45256
LECHECONSERVADA,PRODUCTO_LECHECONSERVADA,0.08348
YOGHURT,PRODUCTO_YOGHURT,0.37669
POSTRESLACTEOS,PRODUCTO_POSTRESLACTEOS,0.07293
QUESO,PRODUCTO_QUESO,0.84248
HUEVOS,PRODUCTO_HUEVOS,0.40773
MANTEQUILLA,PRODUCTO_MANTEQUILLA,0.16426
MARGARINA,PRODUCTO_MARGARINA,0.07462
ACEITEVEGETAL,PRODUCTO_ACEITEVEGETAL,0.29183
MANZANA,PRODUCTO_MANZANA,0.11296
NARANJA,PRODUCTO_NARANJA,0.1119
PERA,PRODUCTO_PERA,0.03486
PLATANO,PRODUCTO_PLATANO,0.14182
FRUTASDEESTACION,PRODUCTO_FRUTASDEESTACION,0.3918
FRUTOSSECOS,PRODUCTO_FRUTOSSECOS,0.13142
FRUTASENCONSERVA,PRODUCTO_FRUTASENCONSERVA,0.0484
ACELGAYESPINACA,PRODUCTO_ACELGAYESPINACA,0.04289
CEBOLLAYCEBOLLIN,PRODUCTO_CEBOLLAYCEBOLLIN,0.13303
LECHUGA,PRODUCTO_LECHUGA,0.17469
LIMON,PRODUCTO_LIMON,0.13543
PALTA,PRODUCTO_PALTA,0.33389
PIMENTONYPIMIENTO,PRODUCTO_PIMENTONYPIMIENTO,0.0516
TOMATE,PRODUCTO_TOMATE,0.32495
ZANAHORIA,PRODUCTO_ZANAHORIA,0.06898
ZAPALLO,PRODUCTO_ZAPALLO,0.0856
ZAPALLOITALIANO,PRODUCTO_ZAPALLOITALIANO,0.03675
VERDURASDEESTACION,PRODUCTO_VERDURASDEESTACION,0.30569
VERDURASCONGELADAS,PRODUCTO_VERDURASCONGELADAS,0.11295
VERDURASENCONSERVA,PRODUCTO_VERDURASENCONSERVA,0.04367
VERDURASENCURTIDAS,PRODUCTO_VERDURASENCURTIDAS,0.0731
LEGUMBRES,PRODUCTO_LEGUMBRES,0.14401
PAPA,PRODUCTO_PAPA,0.3362
PAPASCONGELADASYDESHIDRATADAS,PRODUCTO_PAPASCONGELADASYDESHIDRATADAS,0.05833
PAPASFRITAS,PRODUCTO_PAPASFRITAS,0.12454
AZUCAR,PRODUCTO_AZUCAR,0.13136
ENDULZANTE,PRODUCTO_ENDULZANTE,0.04307
MERMELADA,PRODUCTO_MERMELADA,0.07621
MANJARYDULCESUNTABLES,PRODUCTO_MANJARYDULCESUNTABLES,0.07214
CARAMELOSYGOMADEMASCAR,PRODUCTO_CARAMELOSYGOMADEMASCAR,0.09733
CHOCOLATE,PRODUCTO_CHOCOLATE,0.25488
HELADO,PRODUCTO_HELADO,0.25363
SAL,PRODUCTO_SAL,0.02511
"HIERBAS,ESPECIASYCONDIMENTOS","PRODUCTO_HIERBAS,ESPECIASYCONDIMENTOS",0.09706
SALSAS,PRODUCTO_SALSAS,0.10893
ADEREZOS,PRODUCTO_ADEREZOS,0.19046
SOPASYCREMAS,PRODUCTO_SOPASYCREMAS,0.087
ALIMENTOSPARABEBE,PRODUCTO_ALIMENTOSPARABEBE,0.1037
POSTRESNOLACTEOS,PRODUCTO_POSTRESNOLACTEOS,0.08544
CAFEYSUCEDANEOS,PRODUCTO_CAFEYSUCEDANEOS,0.15522
TE,PRODUCTO_TE,0.17671
SABORIZANTEPARALECHE,PRODUCTO_SABORIZANTEPARALECHE,0.05023
AGUAEMBOTELLADA,PRODUCTO_AGUAEMBOTELLADA,0.21102
BEBIDAGASEOSA,PRODUCTO_BEBIDAGASEOSA,1.08369
BEBIDAISOTONICAYENERGIZANTE,PRODUCTO_BEBIDAISOTONICAYENERGIZANTE,0.06007
JUGOLIQUIDO,PRODUCTO_JUGOLIQUIDO,0.32951
JUGOENPOLVO,PRODUCTO_JUGOENPOLVO,0.09755
PISCO,PRODUCTO_PISCO,0.23562
RON,PRODUCTO_RON,0.07718
WHISKY,PRODUCTO_WHISKY,0.14032
VODKA,PRODUCTO_VODKA,0.05614
VINO,PRODUCTO_VINO,0.86682
VINOESPUMOSO,PRODUCTO_VINOESPUMOSO,0.10253
CERVEZA,PRODUCTO_CERVEZA,1.39219
CIGARRILLOS,PRODUCTO_CIGARRILLOS,1.90687
TELASPARACONFECCIONDEVESTUARIO,PRODUCTO_TELASPARACONFECCIONDEVESTUARIO,0.03406
ROPADEABRIGOPARAHOMBRE,PRODUCTO_ROPADEABRIGOPARAHOMBRE,0.17216
PANTALONLARGOYCORTOPARAHOMBRE,PRODUCTO_PANTALONLARGOYCORTOPARAHOMBRE,0.23837
CAMISAYPOLERAPARAHOMBRE,PRODUCTO_CAMISAYPOLERAPARAHOMBRE,0.19681
ROPAINTERIORYDEDORMIRPARAHOMBRE,PRODUCTO_ROPAINTERIORYDEDORMIRPARAHOMBRE,0.0398
ROPADEABRIGOPARAMUJER,PRODUCTO_ROPADEABRIGOPARAMUJER,0.20708
"Pantalon,faldayvestidoparamujer","PRODUCTO_Pantalon,faldayvestidoparamujer",0.28385
BLUSAYPOLERAPARAMUJER,PRODUCTO_BLUSAYPOLERAPARAMUJER,0.16895
ROPADEPORTIVAYDEBA헲PARAMUJER,PRODUCTO_ROPADEPORTIVAYDEBA헲PARAMUJER,0.02628
ROPAINTERIORYDEDORMIRPARAMUJER,PRODUCTO_ROPAINTERIORYDEDORMIRPARAMUJER,0.08361
ROPADEABRIGOINFANTIL,PRODUCTO_ROPADEABRIGOINFANTIL,0.05708
"PANTALON,FALDAYVESTIDOINFANTIL","PRODUCTO_PANTALON,FALDAYVESTIDOINFANTIL",0.07989
"CAMISA,BLUSAYPOLERAINFANTIL","PRODUCTO_CAMISA,BLUSAYPOLERAINFANTIL",0.05971
"ROPADEPORTIVA,SHORTS,BERMUDASYTRAJESDEBA헲INFANTIL","PRODUCTO_ROPADEPORTIVA,SHORTS,BERMUDASYTRAJESDEBA헲INFANTIL",0.03397
ROPAINTERIORYDEDORMIRINFANTIL,PRODUCTO_ROPAINTERIORYDEDORMIRINFANTIL,0.02386
VESTUARIOPARALACTANTE,PRODUCTO_VESTUARIOPARALACTANTE,0.02277
UNIFORMEYROPADEPORTIVAESCOLAR,PRODUCTO_UNIFORMEYROPADEPORTIVAESCOLAR,0.39907
ARTICULOSPARAREPARACIONDEVESTUARIO,PRODUCTO_ARTICULOSPARAREPARACIONDEVESTUARIO,0.03652
ACCESORIOSDEVESTIR,PRODUCTO_ACCESORIOSDEVESTIR,0.08105
SERVICIODELIMPIEZAYREPARACIONDEVESTUARIO,PRODUCTO_SERVICIODELIMPIEZAYREPARACIONDEVESTUARIO,0.06004
ZAPATILLASPARAHOMBRE,PRODUCTO_ZAPATILLASPARAHOMBRE,0.23515
ZAPATOSPARAHOMBRE,PRODUCTO_ZAPATOSPARAHOMBRE,0.15246
ZAPATILLASPARAMUJER,PRODUCTO_ZAPATILLASPARAMUJER,0.14788
ZAPATOSPARAMUJER,PRODUCTO_ZAPATOSPARAMUJER,0.14463
CALZADODEESTACIONPARAMUJER,PRODUCTO_CALZADODEESTACIONPARAMUJER,0.18584
ZAPATILLAINFANTIL,PRODUCTO_ZAPATILLAINFANTIL,0.1438
ZAPATOINFANTIL,PRODUCTO_ZAPATOINFANTIL,0.04193
CALZADOESCOLAR,PRODUCTO_CALZADOESCOLAR,0.14934
ARRIENDO,PRODUCTO_ARRIENDO,5.52872
MATERIALESPARALAREPARACIONDELAVIVIENDA,PRODUCTO_MATERIALESPARALAREPARACIONDELAVIVIENDA,0.46731
PINTURAYBARNIZ,PRODUCTO_PINTURAYBARNIZ,0.15008
GRIFERIAYACCESORIOS,PRODUCTO_GRIFERIAYACCESORIOS,0.15152
SELLANTESYPEGAMENTOS,PRODUCTO_SELLANTESYPEGAMENTOS,0.05354
SERVICIOSPARALACONSERVACIONYREPARACIONDELAVIVIENDA,PRODUCTO_SERVICIOSPARALACONSERVACIONYREPARACIONDELAVIVIENDA,0.8895
AGUAPOTABLE,PRODUCTO_AGUAPOTABLE,1.65637
SERVICIODERETIRODEBASURA,PRODUCTO_SERVICIODERETIRODEBASURA,0.09053
SERVICIODEALARMAPARALAVIVIENDA,PRODUCTO_SERVICIODEALARMAPARALAVIVIENDA,0.08189
GASTOCOMUN,PRODUCTO_GASTOCOMUN,1.36955
ELECTRICIDAD,PRODUCTO_ELECTRICIDAD,2.27238
GASPORRED,PRODUCTO_GASPORRED,0.46326
GASLICUADO,PRODUCTO_GASLICUADO,1.1474
CARBON,PRODUCTO_CARBON,0.04009
PARAFINA,PRODUCTO_PARAFINA,0.11292
LE헤,PRODUCTO_LE헤,0.35214
CAMA,PRODUCTO_CAMA,0.24409
COLCHON,PRODUCTO_COLCHON,0.04889
MUEBLESDECOMEDOR,PRODUCTO_MUEBLESDECOMEDOR,0.12316
MUEBLESPARACOCINA,PRODUCTO_MUEBLESPARACOCINA,0.08476
MUEBLESPARALIVING,PRODUCTO_MUEBLESPARALIVING,0.31192
ALFOMBRAYOTROSREVESTIMIENTOSPARAPISOS,PRODUCTO_ALFOMBRAYOTROSREVESTIMIENTOSPARAPISOS,0.05674
ARTICULOSORNAMENTALES,PRODUCTO_ARTICULOSORNAMENTALES,0.11403
SERVICIODEREPARACIONDEMUEBLES,PRODUCTO_SERVICIODEREPARACIONDEMUEBLES,0.02258
TEXTILESPARACAMA,PRODUCTO_TEXTILESPARACAMA,0.15219
TEXTILESPARABA헲YCOCINA,PRODUCTO_TEXTILESPARABA헲YCOCINA,0.06102
TEXTILESPARALIVINGYCOMEDOR,PRODUCTO_TEXTILESPARALIVINGYCOMEDOR,0.04704
CALEFON,PRODUCTO_CALEFON,0.03793
COCINA,PRODUCTO_COCINA,0.07588
ARTICULOSPARACALEFACCIONDELHOGAR,PRODUCTO_ARTICULOSPARACALEFACCIONDELHOGAR,0.07897
HORNOSELECTRICOSYMICROONDAS,PRODUCTO_HORNOSELECTRICOSYMICROONDAS,0.02647
LAVADORA,PRODUCTO_LAVADORA,0.19793
REFRIGERADOR,PRODUCTO_REFRIGERADOR,0.19312
ELECTRODOMESTICOSPEQUE헲SDECOCINA,PRODUCTO_ELECTRODOMESTICOSPEQUE헲SDECOCINA,0.18237
PLANCHA,PRODUCTO_PLANCHA,0.03349
SERVICIODEREPARACIONDELINEABLANCAYELECTRODOMESTICOS,PRODUCTO_SERVICIODEREPARACIONDELINEABLANCAYELECTRODOMESTICOS,0.03963
VAJILLA,PRODUCTO_VAJILLA,0.13225
UTENSILIOSDECOCINA,PRODUCTO_UTENSILIOSDECOCINA,0.1495
HERRAMIENTASELECTRICASYACCESORIOS,PRODUCTO_HERRAMIENTASELECTRICASYACCESORIOS,0.04308
HERRAMIENTASMANUALESYACCESORIOS,PRODUCTO_HERRAMIENTASMANUALESYACCESORIOS,0.06334
ACCESORIOSDEILUMINACION,PRODUCTO_ACCESORIOSDEILUMINACION,0.05921
ARTICULOSDECERRAJERIA,PRODUCTO_ARTICULOSDECERRAJERIA,0.05605
ACCESORIOSELECTRICOS,PRODUCTO_ACCESORIOSELECTRICOS,0.05831
PILAS,PRODUCTO_PILAS,0.03477
AROMATIZADORYDESINFECTANTEAMBIENTAL,PRODUCTO_AROMATIZADORYDESINFECTANTEAMBIENTAL,0.08667
DETERGENTEYSUAVIZANTEPARAROPA,PRODUCTO_DETERGENTEYSUAVIZANTEPARAROPA,0.46756
LAVALOZA,PRODUCTO_LAVALOZA,0.07569
LIMPIADOR,PRODUCTO_LIMPIADOR,0.18733
INSECTICIDASYSIMILARES,PRODUCTO_INSECTICIDASYSIMILARES,0.03315
ARTICULOSDELIMPIEZA,PRODUCTO_ARTICULOSDELIMPIEZA,0.10211
SERVILLETASYTOALLADEPAPEL,PRODUCTO_SERVILLETASYTOALLADEPAPEL,0.19432
SERVICIODOMESTICO,PRODUCTO_SERVICIODOMESTICO,2.6473
"MEDICAMENTOSANTIINFECCIOSOS,ANTIVIRALESYANTIFUNGICOS","PRODUCTO_MEDICAMENTOSANTIINFECCIOSOS,ANTIVIRALESYANTIFUNGICOS",0.10445
MEDICAMENTOSPARAELAPARATOCARDIOVASCULAR,PRODUCTO_MEDICAMENTOSPARAELAPARATOCARDIOVASCULAR,0.20425
HORMONASYMEDICAMENTOSPARAELSISTEMAGENITO-URINARIO,PRODUCTO_HORMONASYMEDICAMENTOSPARAELSISTEMAGENITO-URINARIO,0.30228
"MEDICAMENTOSANTIINFLAMATORIOSNOCORTICOIDES,ANTIMIGRA헲SOSYSISTEMAOSTEO-MUSCULAR","PRODUCTO_MEDICAMENTOSANTIINFLAMATORIOSNOCORTICOIDES,ANTIMIGRA헲SOSYSISTEMAOSTEO-MUSCULAR",0.13352
MEDICAMENTOSPARAELSISTEMARESPIRATORIO,PRODUCTO_MEDICAMENTOSPARAELSISTEMARESPIRATORIO,0.27948
"MEDICAMENTOSDERMATOLOGICOS,DESINFECTANTESYANTISEPTICOS","PRODUCTO_MEDICAMENTOSDERMATOLOGICOS,DESINFECTANTESYANTISEPTICOS",0.17123
MEDICAMENTOSPARAELSISTEMANERVIOSOCENTRAL,PRODUCTO_MEDICAMENTOSPARAELSISTEMANERVIOSOCENTRAL,0.37725
MEDICAMENTOSPARAELAPARATODIGESTIVOYMETABOLICO,PRODUCTO_MEDICAMENTOSPARAELAPARATODIGESTIVOYMETABOLICO,0.60521
PREPARADOSOFTALMOLOGICOS,PRODUCTO_PREPARADOSOFTALMOLOGICOS,0.08479
"MEDICAMENTOSPARAELTRATAMIENTODELCANCER,MODIFICADORESDELSISTEMAINMUNEYFARMACOSUTILIZADOSENLOSCUIDADOSPALIATIVOSDELDOLOR","PRODUCTO_MEDICAMENTOSPARAELTRATAMIENTODELCANCER,MODIFICADORESDELSISTEMAINMUNEYFARMACOSUTILIZADOSENLOSCUIDADOSPALIATIVOSDELDOLOR",0.07528
MEDICAMENTOSHOMEOPATICOSYSUPLEMENTOSALIMENTICIOS,PRODUCTO_MEDICAMENTOSHOMEOPATICOSYSUPLEMENTOSALIMENTICIOS,0.08545
PRODUCTOSPARALACURACIONDEHERIDAS,PRODUCTO_PRODUCTOSPARALACURACIONDEHERIDAS,0.0678
PRESERVATIVOS,PRODUCTO_PRESERVATIVOS,0.00823
LENTESDECORRECCION,PRODUCTO_LENTESDECORRECCION,0.34303
ARTICULOSPARAMEDIRPARAMETROSDESALUD,PRODUCTO_ARTICULOSPARAMEDIRPARAMETROSDESALUD,0.05639
CONSULTAMEDICA,PRODUCTO_CONSULTAMEDICA,1.13844
PROCEDIMIENTOEINTERVENCIONQUIRURGICAAMBULATORIA,PRODUCTO_PROCEDIMIENTOEINTERVENCIONQUIRURGICAAMBULATORIA,0.55348
CONSULTAYTRATAMIENTOODONTOLOGICO,PRODUCTO_CONSULTAYTRATAMIENTOODONTOLOGICO,1.26413
EXAMENDEIMAGENOLOGIAYRADIOLOGIA,PRODUCTO_EXAMENDEIMAGENOLOGIAYRADIOLOGIA,0.33872
EXAMENDELABORATORIOCLINICO,PRODUCTO_EXAMENDELABORATORIOCLINICO,0.26094
SERVICIODEOTROSPROFESIONALESDELASALUD,PRODUCTO_SERVICIODEOTROSPROFESIONALESDELASALUD,0.34187
SERVICIODEHOSPITALIZACION,PRODUCTO_SERVICIODEHOSPITALIZACION,0.97156
AUTOMOVILNUEVO,PRODUCTO_AUTOMOVILNUEVO,2.85541
AUTOMOVILUSADO,PRODUCTO_AUTOMOVILUSADO,0.27347
MOTOCICLETA,PRODUCTO_MOTOCICLETA,0.05903
BICICLETA,PRODUCTO_BICICLETA,0.06915
REPUESTOSPARAELFUNCIONAMIENTOELECTRICODELAUTOMOVIL,PRODUCTO_REPUESTOSPARAELFUNCIONAMIENTOELECTRICODELAUTOMOVIL,0.07448
NEUMATICOSYLLANTAS,PRODUCTO_NEUMATICOSYLLANTAS,0.12297
REPUESTOSYACCESORIOSPARAELFUNCIONAMIENTOMECANICODELAUTOMOVIL,PRODUCTO_REPUESTOSYACCESORIOSPARAELFUNCIONAMIENTOMECANICODELAUTOMOVIL,0.20054
GASOLINA,PRODUCTO_GASOLINA,2.73049
PETROLEODIESEL,PRODUCTO_PETROLEODIESEL,0.38425
LUBRICANTESYACEITESPARAELAUTOMOVIL,PRODUCTO_LUBRICANTESYACEITESPARAELAUTOMOVIL,0.03754
SERVICIODEMANTENCIONYREPARACIONDELAUTOMOVIL,PRODUCTO_SERVICIODEMANTENCIONYREPARACIONDELAUTOMOVIL,0.8548
SERVICIODELAVADODELAUTOMOVIL,PRODUCTO_SERVICIODELAVADODELAUTOMOVIL,0.03766
SERVICIODEESTACIONAMIENTO,PRODUCTO_SERVICIODEESTACIONAMIENTO,0.2761
SERVICIODEPEAJE,PRODUCTO_SERVICIODEPEAJE,0.72502
LICENCIADECONDUCIR,PRODUCTO_LICENCIADECONDUCIR,0.02589
REVISIONTECNICADELAUTOMOVIL,PRODUCTO_REVISIONTECNICADELAUTOMOVIL,0.07264
SERVICIODETRANSPORTEENTAXICOLECTIVO,PRODUCTO_SERVICIODETRANSPORTEENTAXICOLECTIVO,0.66401
SERVICIODETRANSPORTEENTAXI,PRODUCTO_SERVICIODETRANSPORTEENTAXI,0.33569
SERVICIODETRANSPORTEESCOLAR,PRODUCTO_SERVICIODETRANSPORTEESCOLAR,0.20798
SERVICIODETRANSPORTEENMICROBUS,PRODUCTO_SERVICIODETRANSPORTEENMICROBUS,0.5774
SERVICIODETRANSFER,PRODUCTO_SERVICIODETRANSFER,0.0251
SERVICIODETRANSPORTEENBUSINTERURBANO,PRODUCTO_SERVICIODETRANSPORTEENBUSINTERURBANO,0.49365
SERVICIODETRANSPORTEAEREO,PRODUCTO_SERVICIODETRANSPORTEAEREO,0.75389
SERVICIODETRANSPORTEMULTIMODAL,PRODUCTO_SERVICIODETRANSPORTEMULTIMODAL,1.26432
EQUIPODETELEFONIAMOVIL,PRODUCTO_EQUIPODETELEFONIAMOVIL,0.61378
SERVICIODECONEXIONINTERNET,PRODUCTO_SERVICIODECONEXIONINTERNET,0.29033
SERVICIODEBANDAANCHAMOVIL,PRODUCTO_SERVICIODEBANDAANCHAMOVIL,0.01605
SERVICIODEPACKDETELECOMUNICACIONES,PRODUCTO_SERVICIODEPACKDETELECOMUNICACIONES,2.09814
SERVICIODETELEFONIAMOVIL,PRODUCTO_SERVICIODETELEFONIAMOVIL,2.34556
SERVICIODETELEFONIAFIJA,PRODUCTO_SERVICIODETELEFONIAFIJA,0.09102
TELEVISOR,PRODUCTO_TELEVISOR,0.40468
EQUIPODESONIDO,PRODUCTO_EQUIPODESONIDO,0.04775
REPRODUCTORPORTATILDEAUDIOYVIDEO,PRODUCTO_REPRODUCTORPORTATILDEAUDIOYVIDEO,0.03111
CAMARAFOTOGRAFICA,PRODUCTO_CAMARAFOTOGRAFICA,0.06172
COMPUTADOR,PRODUCTO_COMPUTADOR,0.41602
IMPRESORA,PRODUCTO_IMPRESORA,0.05232
UNIDADDEALMACENAMIENTODIGITAL,PRODUCTO_UNIDADDEALMACENAMIENTODIGITAL,0.04773
JUGUETES,PRODUCTO_JUGUETES,0.39909
CONSOLADEVIDEOJUEGO,PRODUCTO_CONSOLADEVIDEOJUEGO,0.05363
IMPLEMENTOSDEPORTIVOS,PRODUCTO_IMPLEMENTOSDEPORTIVOS,0.18023
ARTICULOSDECAMPING,PRODUCTO_ARTICULOSDECAMPING,0.04496
INSTRUMENTOSMUSICALES,PRODUCTO_INSTRUMENTOSMUSICALES,0.07416
FLORES,PRODUCTO_FLORES,0.08826
PLANTAS,PRODUCTO_PLANTAS,0.03139
ALIMENTOSPARAMASCOTAS,PRODUCTO_ALIMENTOSPARAMASCOTAS,0.68823
ACCESORIOSPARAMASCOTAS,PRODUCTO_ACCESORIOSPARAMASCOTAS,0.06456
SERVICIOSVETERINARIOS,PRODUCTO_SERVICIOSVETERINARIOS,0.24731
SERVICIOSPRESTADOSPORCENTROSRECREATIVOS,PRODUCTO_SERVICIOSPRESTADOSPORCENTROSRECREATIVOS,0.07416
ENTRADAAESPECTACULOSDEPORTIVOS,PRODUCTO_ENTRADAAESPECTACULOSDEPORTIVOS,0.02565
ENTRADAACENTROSDEDIVERSIONNOCTURNOS,PRODUCTO_ENTRADAACENTROSDEDIVERSIONNOCTURNOS,0.05024
SERVICIOSDEFIESTASDECUMPLEA헲S,PRODUCTO_SERVICIOSDEFIESTASDECUMPLEA헲S,0.15119
GIMNASIOS,PRODUCTO_GIMNASIOS,0.5476
CLASESDEPORTIVAS,PRODUCTO_CLASESDEPORTIVAS,0.20658
CLASESRECREATIVAS,PRODUCTO_CLASESRECREATIVAS,0.1051
ENTRADAALCINE,PRODUCTO_ENTRADAALCINE,0.23441
ENTRADAAESPECTACULOSCULTURALES,PRODUCTO_ENTRADAAESPECTACULOSCULTURALES,0.25826
SERVICIODEREVELADOFOTOGRAFICO,PRODUCTO_SERVICIODEREVELADOFOTOGRAFICO,0.02779
SERVICIODETELEVISIONPAGADARESIDENCIAL,PRODUCTO_SERVICIODETELEVISIONPAGADARESIDENCIAL,0.33837
SERVICIODESUSCRIPCIONENLINEA,PRODUCTO_SERVICIODESUSCRIPCIONENLINEA,0.0287
JUEGOSDEAZAR,PRODUCTO_JUEGOSDEAZAR,0.02478
TEXTOESCOLAR,PRODUCTO_TEXTOESCOLAR,0.17324
LIBRO,PRODUCTO_LIBRO,0.22681
DIARIO,PRODUCTO_DIARIO,0.0714
CUADERNO,PRODUCTO_CUADERNO,0.21817
MATERIALESPARAARTESMANUALES,PRODUCTO_MATERIALESPARAARTESMANUALES,0.09202
ARTICULOSDEESCRITORIO,PRODUCTO_ARTICULOSDEESCRITORIO,0.03565
PAQUETETURISTICO,PRODUCTO_PAQUETETURISTICO,0.76585
SERVICIODEEDUCACIONDEJARDININFANTIL,PRODUCTO_SERVICIODEEDUCACIONDEJARDININFANTIL,0.29383
SERVICIODEEDUCACIONDETRANSICION,PRODUCTO_SERVICIODEEDUCACIONDETRANSICION,0.21585
SERVICIODEEDUCACIONDE1CICLODELAENSE헤NZABASICA,PRODUCTO_SERVICIODEEDUCACIONDE1CICLODELAENSE헤NZABASICA,0.64393
SERVICIODEEDUCACIONDE2CICLODELAENSE헤NZABASICA,PRODUCTO_SERVICIODEEDUCACIONDE2CICLODELAENSE헤NZABASICA,0.5697
SERVICIODEEDUCACIONDELAENSE헤NZAMEDIA,PRODUCTO_SERVICIODEEDUCACIONDELAENSE헤NZAMEDIA,0.64279
SERVICIODEPREUNIVERSITARIO,PRODUCTO_SERVICIODEPREUNIVERSITARIO,0.16925
SERVICIODEENSE헤NZAENCENTROSDEFORMACIONTECNICA,PRODUCTO_SERVICIODEENSE헤NZAENCENTROSDEFORMACIONTECNICA,0.14346
SERVICIODEENSE헤NZAENINSTITUTOPROFESIONAL,PRODUCTO_SERVICIODEENSE헤NZAENINSTITUTOPROFESIONAL,0.61738
SERVICIODEENSE헤NZAUNIVERSITARIA,PRODUCTO_SERVICIODEENSE헤NZAUNIVERSITARIA,2.49843
SERVICIODEENSE헤NZADEPOSTGRADOYPOSTITULO,PRODUCTO_SERVICIODEENSE헤NZADEPOSTGRADOYPOSTITULO,0.26762
CURSOSDECAPACITACION,PRODUCTO_CURSOSDECAPACITACION,0.53344
ALIMENTOSCONSUMIDOSFUERADELHOGAR,PRODUCTO_ALIMENTOSCONSUMIDOSFUERADELHOGAR,3.10518
SANDWICHYCOMPLETOCONSUMIDOFUERADELHOGAR,PRODUCTO_SANDWICHYCOMPLETOCONSUMIDOFUERADELHOGAR,0.57601
BEBIDAALCOHOLICACONSUMIDAFUERADELHOGAR,PRODUCTO_BEBIDAALCOHOLICACONSUMIDAFUERADELHOGAR,0.16398
BEBIDANOALCOHOLICACONSUMIDAFUERADELHOGAR,PRODUCTO_BEBIDANOALCOHOLICACONSUMIDAFUERADELHOGAR,0.33339
HELADOSYPOSTRESCONSUMIDOSFUERADELHOGAR,PRODUCTO_HELADOSYPOSTRESCONSUMIDOSFUERADELHOGAR,0.08952
PLATOSPREPARADOSPARALLEVAR,PRODUCTO_PLATOSPREPARADOSPARALLEVAR,1.60063
SERVICIODEALOJAMIENTOTURISTICO,PRODUCTO_SERVICIODEALOJAMIENTOTURISTICO,0.51476
SERVICIOSDEPELUQUERIA,PRODUCTO_SERVICIOSDEPELUQUERIA,0.28677
SERVICIOSENCENTROSDEESTETICA,PRODUCTO_SERVICIOSENCENTROSDEESTETICA,0.11232
AFEITADORAYDEPILADORAELECTRICA,PRODUCTO_AFEITADORAYDEPILADORAELECTRICA,0.03
MAQUINADEAFEITARDESECHABLE,PRODUCTO_MAQUINADEAFEITARDESECHABLE,0.0544
ARTICULOSDIVERSOSPARAELCUIDADOPERSONAL,PRODUCTO_ARTICULOSDIVERSOSPARAELCUIDADOPERSONAL,0.03717
BLOQUEADORESYBRONCEADORES,PRODUCTO_BLOQUEADORESYBRONCEADORES,0.03724
COLONIASYPERFUMES,PRODUCTO_COLONIASYPERFUMES,0.20367
DESODORANTESYANTITRANSPIRANTES,PRODUCTO_DESODORANTESYANTITRANSPIRANTES,0.16733
PRODUCTOSDEHIGIENEBUCAL,PRODUCTO_PRODUCTOSDEHIGIENEBUCAL,0.17978
PAPELHIGIENICO,PRODUCTO_PAPELHIGIENICO,0.37335
JABON,PRODUCTO_JABON,0.11949
PA헤LESDESECHABLES,PRODUCTO_PA헤LESDESECHABLES,0.36613
PROTECCIONHIGIENICAFEMENINA,PRODUCTO_PROTECCIONHIGIENICAFEMENINA,0.08028
SHAMPOOYBALSAMO,PRODUCTO_SHAMPOOYBALSAMO,0.28385
CREMASPARALAPIEL,PRODUCTO_CREMASPARALAPIEL,0.17784
PRODUCTOSDEMAQUILLAJE,PRODUCTO_PRODUCTOSDEMAQUILLAJE,0.15331
TINTURASYFIJADORES,PRODUCTO_TINTURASYFIJADORES,0.12015
JOYAS,PRODUCTO_JOYAS,0.17174
RELOJDEPULSERA,PRODUCTO_RELOJDEPULSERA,0.06962
ARTICULOSPARATRANSPORTEDEEFECTOSPERSONALES,PRODUCTO_ARTICULOSPARATRANSPORTEDEEFECTOSPERSONALES,0.29735
ARTICULOSPARATRANSPORTEDEBEBE,PRODUCTO_ARTICULOSPARATRANSPORTEDEBEBE,0.03873
LENTESDESOL,PRODUCTO_LENTESDESOL,0.04135
SEGUROS,PRODUCTO_SEGUROS,0.61603
GASTOFINANCIERO,PRODUCTO_GASTOFINANCIERO,0.23354
SERVICIODEEMISIONDECERTIFICADO,PRODUCTO_SERVICIODEEMISIONDECERTIFICADO,0.04128
SERVICIODEFOTOCOPIADO,PRODUCTO_SERVICIODEFOTOCOPIADO,0.04202
MEMBRESIAENASOCIACIONPROFESIONAL,PRODUCTO_MEMBRESIAENASOCIACIONPROFESIONAL,0.09664
SERVICIONOTARIAL,PRODUCTO_SERVICIONOTARIAL,0.01836
SERVICIOFUNERARIO,PRODUCTO_SERVICIOFUNERARIO,0.31463
CUOTASENCENTROSDEPADRESYAPODERADOS,PRODUCTO_CUOTASENCENTROSDEPADRESYAPODERADOS,0.15544
SERVICIODERESIDENCIASPARAADULTOSMAYORES,PRODUCTO_SERVICIODERESIDENCIASPARAADULTOSMAYORES,0.16485
SERVICIODESALACUNA,PRODUCTO_SERVICIODESALACUNA,0.06794
